geonameid|lang|name|count
290557||Al Imarat al 'Arabiyah al Muttahidah|1
290557||Dawlat Ittihad al Imarat al 'Arabiyah|1
290557||Arab Gulf Federation|1
290557||Arab Federation of Gulf States|1
290557||Federation of Arabian Gulf Emirates|1
290557||Federation of Arabian Emirates|1
290557||Union of Arab Emirates|1
290557||Federation of Arab Emirates|1
290557|af|Verenigde Arabiese Emirate|1
290557|ca|Unio dels Emirats Arabs|1
290557|cs|Spojene arabske emiraty|1
290557|cy|Emiraethau Arabaidd Unedig|1
290557|da|Forenede Arabiske Emirater|1
290557|de|Vereinigte Arabische Emirate|1
290557|en|United Arab Emirates|1
290557|eo|Unuigintaj Arabaj Emirlandos|1
290557|es|Emiratos Arabes Unidos|1
290557|et|Araabia Uhendemiraadid|1
290557|eu|Arabiar Emirrerri Batuak|1
290557|fi|Arabiemiirikunnat|1
290557|fo|Sameindu Emirrikini|1
290557|fr|Emirats Arabes Unis|1
290557|ga|Aontas na nEimiriochtai Arabacha|1
290557|hr|Ujedinjeni Arapski Emirati|1
290557|hu|Egyesult Arab Emiratus|1
290557|id|Uni Emirat Arab|1
290557|is|Sameinudu arabisku furstadaemin|1
290557|it|Emirati Arabi Uniti|1
290557|lt|Jungtiniai Arabu Emyratai|1
290557|lv|Apvienotie Arabu Emirati|1
290557|ms|Emiriah Arab Bersatu|1
290557|mt|Emirati Gharab Maqghuda|1
290557|nl|Verenigde Arabische Emiraten|1
290557|pl|Zjednoczone Emiraty Arabskie|1
290557|pt|Emirados Arabes Unidos|1
290557|ro|Emiratele Arabe Unite|1
290557|sk|Spojene arabske emiraty|1
290557|sl|Zdruzeni arabski emirati|1
290557|so|Imaaraadka Carabta ee Midoobay|1
290557|sq|Emiratet Arabe te Bashkuara|1
290557|sv|Forenade Arabemiraten|1
290557|sw|Muugano wa Falme za Nchi za Kiarabu|1
290557|tr|Birlesik Arap Emirlikleri|1
290557|vi|Cac Tieu Vuong quoc A-rap Thong nhat|1
290557|an|Emiratos Arabes Unitos|1
290557|br|Emirelezhiou Arab Unanet|1
290557|bs|Ujedinjeni Arapski Emirati|1
290557|ca|Emirats Arabs Units|1
290557|eo|Unuigintaj Arabaj Emirlandoj|1
290557|eu|Arabiar Emirerri Batuak|1
290557|frp|Emirats arabes units|1
290557|frp|Emirats arabos unis|1
290557|fy|Feriene Arabyske Emiraten|1
290557|hsb|Zjednocene arabske emiraty|1
290557|ht|Emira Arab Ini|1
290557|hu|Egyesult Arab Emirsegek|1
290557|ia|Emiratos Arabe Unite|1
290557|io|Unionita Araba Emirati|1
290557|ku|Mirnisinen Erebi yen Yekbuyi|1
290557|kw|Pennternasedh Unys Arabek|1
290557|la|Emiratus Arabici Coniuncti|1
290557|lb|Vereenegt Arabesch Emiraten|1
290557|li|Vereinegde Arabische Emiraote|1
290557|nds|Vereenigte Araabsche Emiraten|1
290557|nn|Dei sameinte arabiske emirata|1
290557|no|De forente arabiske emirater|1
290557|oc|Emirats Arabis Units|1
290557|pam|Emiratos Arabes Unidos|1
290557|pt|Emiratos Arabes Unidos|1
290557|sq|Emiratet e Bashkuara Arabe|1
290557|sw|Falme za Kiarabu|1
290557|tl|Nagkakaisang Kaemirang Arabo|1
290557|uz|Birlashgan Arab Amirliklari|1
290557|vi|Cac Tieu Vuong quoc A Rap Thong nhat|1
290557|vo|Lemirans Larabik Pebalol|1
290557|gl|Emiratos Arabes Unidos|1
290557|se|Ovttastuvvan Arabaemirahtat|1
290557|ak|United Arab Emirates|1
290557|az|Birl@smis @r@b Emiratlari|1
290557|bm|Arabu mara kafoli|1
290557|ee|United Arab Emirates nutome|1
290557|ff|Emiraat Araab Denntude|1
290557|ha|Hadaddiyar Daular Larabawa|1
290557|ki|Falme za Kiarabu|1
290557|lg|Emireeti|1
290557|ln|Lemila alabo|1
290557|lu|Lemila alabu|1
290557|mg|Emira Arabo mitambatra|1
290557|nb|De forente arabiske emirater|1
290557|nd|United Arab Emirates|1
290557|rm|Emirats Arabs Unids|1
290557|rn|Leta Zunze Ubumwe z'Abarabu|1
290557|sg|Arabo Emirati Oko|1
290557|sn|United Arab Emirates|1
290557|yo|Orileede Emirate ti Awon Arabu|1
290557|zu|i-United Arab Emirates|1
290557|fr|Emirats arabes unis|1
290557|ilo|Dagiti Nagkaykaysa nga Emirato nga Arabo|1
290557|dsb|Zjadnosone Arabske Emiraty|1
290557|qu|Hukllachasqa Arab Imiratukuna|1
290557|ext|Emiratus Arabis Unius|1
290557|als|Vereinigte Arabische Emirate|1
290557|cy|Yr Emiradau Arabaidd Unedig|1
290557|nov|Unionati Arabi Emirates|1
290557|stq|Fereende Arabiske Emiroate|1
290557|nv|Asai Bikeyah Yazhi Alhidadiidzooigii|1
290557|bcl|Emiratong Arabe Unidos|1
290557|az|Birl@smis @r@b @mirlikl@ri|1
290557|na|Emireitit Arabiya|1
290557|pms|Emira Arabo Uni|1
290557|nah|Tlacetililli Arabiaemiryotl|1
290557|yo|Awon Emireti Arabu Asokan|1
290557|hak|A-la-pak Lien-hap Thai-kung-koet|1
290557|bar|Vaeinigte Arabische Emirate|1
290557|bjn|Syarikat Amiriah Arab|1
290557|ie|Unit Arabic Emiratus|1
290557|diq|Yewiya Emirane Erebi|1
290557|ace|Imarat Arab Meusaboh|1
290557|wo|Imaaraat yu Araab yu Bennoo yi|1
290557|so|Imaaraatka Carabta|1
290557|gv|Ny h-Emmiraidyn Arabagh Unnaneysit|1
290557|su|Uni Emirat Arab|1
290557|ss|Bunye bema-Arabhu|1
290557|ceb|Hiniusang Emiratong Arabo|1
290557|se|Ovttastuvvan arabaemirahtat|1
290557|lmo|Emiraa Arab Unii|1
290557|gag|Birlesik Arab Emirlikleri|1
290557|ang|Geanedu Arabisc Bregoricu|1
290557|gd|Na h-Iomaratan Arabach Aonaichte|1
290557|bug|Emiriyah Arab Bersatu|1
290557|tk|Birlesen Arap Emirlikleri|1
290557|scn|Emirati Arabbi Uniti|1
290557|crh|Birlesken Arap Emirlikleri|1
290557|lij|Emirati Arabi Unii|1
290557|szl|Zjednoczune Arabske Ymiraty|1
290557|war|Emiratos Arabes Unidos|1
290557|jv|Uni Emirat Arab|1
290557|sco|Unitit Arab Emirates|1
290557|ast|Emiratos Arabes Xunios|1
290557|hbs|Ujedinjeni Arapski Emirati|1
290557|rw|Nyarabu Zunze Ubumwe|1
290557|fi|Yhdistyneet arabiemiirikunnat|1
290557|vep|Araban Uhtenzoittud Emiratad|1
290557|pag|Emiratos diad Unido ya Arabo|1
290557|gn|Aravia Emiryvy Joaju|1
290557|sgs|Jongtene Arabu Emirata|1
290557|ln|Emirats arabes unis|1
290557|mt|Emirati Gharab Maghquda|1
290557|pih|Yunitid Arab Emiraets|1
290557||A-la-pek Lian-hap Thau-lang-kok|1
290557|cdo|A-la-baik Lieng-hak Dai-gung-guok|1
290557|ha|Taraiyar larabawa|1
290557|kaa|Birlesken Arab Amirlikleri|1
290557|kab|Limarat Taerabin Yeddukklen|1
290557|om|Yunaayitid Arab Imireetis|1
290557|tet|Emiratu Arabi Naklibur Sira|1
290557|za|Bouxdaeuzgoz Ahlazbwz Lienzhab|1
290557|zea|Vereenigde Araobische Emiraoten|1
290557|cy|Emiradau Arabaidd Unedig|1
290557|da|De Forenede Arabiske Emirater|1
290557|fy|Verenigde Arabyske Emiraten|1
290557|gl|Os Emiratos Arabes Unidos|1
290557|ig|United Arab Emirates|1
290557|ku|Emirtiyen Erebi yen Yekbuyi|1
290557|lb|Vereenegt Arabesch Emirater|1
290557|mt|l-Emirati Gharab Maghquda|1
290557|qu|Emiratos Arabes Unidos|1
290557|so|Midawga Imaaraatka Carabta|1
290557|wo|Emira Arab Ini|1
290557|yo|Emirate ti Awon Arabu|1
3277605||Bosna i Hercegovina|1
3277605||Republic of Bosnia and Herzegovina|1
3277605||Bosnia and Hercegovina|1
3277605||Narodna Republika Bosna i Hercegovina|1
3277605||Bosnia|1
3277605||People's Republic of Bosnia and Hercegovina|1
3277605||Socijalisticka Republika Bosna i Hercegovina|1
3277605||Socialist Republic of Bosnia and Hercegovina|1
3277605||Republika Bosna i Hercegovina|1
3277605|af|Bosnie en Herzegowina|1
3277605|bs|Bosna i Hercegovina|1
3277605|ca|Bosnia i Hercegovina|1
3277605|cs|Bosna a Hercegovina|1
3277605|cy|Bosnia a Herzegovina|1
3277605|da|Bosnien-Hercegovina|1
3277605|de|Bosnien und Herzegowina|1
3277605|en|Bosnia and Herzegovina|1
3277605|eo|Bosnio-Hercegovino|1
3277605|et|Bosnia ja Hertsegoviina|1
3277605|eu|Bosnia-Herzegovina|1
3277605|fi|Bosnia ja Hertsegovina|1
3277605|fo|Bosnia-Hersegovina|1
3277605|fr|Bosnie-Herzegovine|1
3277605|ga|an Bhoisnia agus an Heirseagaivein|1
3277605|hr|Bosna i Hercegovina|1
3277605|hu|Bosznia-Hercegovina|1
3277605|id|Bosnia dan Herzegovina|1
3277605|is|Bosnia og Hersegovina|1
3277605|lt|Bosnija ir Hercegovina|1
3277605|lv|Bosnija un Hercegovina|1
3277605|ms|Bosnia dan Herzegovina|1
3277605|mt|il-Boznija-Herzegovina|1
3277605|nb|Bosnia-Hercegovina|1
3277605|nl|Bosnie Herzegovina|1
3277605|nn|Bosnia og Hercegovina|1
3277605|pl|Bosnia i Hercegowina|1
3277605|pt|Bosnia-Herzegovina|1
3277605|ro|Bosnia si Hertegovina|1
3277605|sk|Bosna a Hercegovina|1
3277605|sl|Bosna in Hercegovina|1
3277605|so|Boosniya & Harsegofina|1
3277605|sq|Bosnje-Hercegovine|1
3277605|sv|Bosnien och Hercegovina|1
3277605|sw|Bosnia na Hezegovina|1
3277605|tr|Bosna Hersek|1
3277605|vi|Bo-xni-a Hec-xe-go-vi-na|1
3277605|es|Bosnia y Herzegovina|1
3277605|an|Bosnia y Herzegovina|1
3277605|ast|Bosnia y Hercegovina|1
3277605|br|Bosnia-ha-Herzegovina|1
3277605|cy|Bosnia-Hertsegofina|1
3277605|eo|Bosnio kaj Hercegovino|1
3277605|frp|Bosnie-Herzegovena|1
3277605|fy|Bosnje|1
3277605|hsb|Bosniska a Hercegowina|1
3277605|hu|Bosznia es Hercegovina|1
3277605|id|Bosnia-Herzegovina|1
3277605|io|Bosnia e Herzegovina|1
3277605|it|Bosnia ed Erzegovina|1
3277605|ku|Bosniya u Herzegovina|1
3277605|kw|Bosni-Hercegovina|1
3277605|la|Bosnia et Herzegovina|1
3277605|lb|Bosnien an Herzegowina|1
3277605|li|Bosnie en Herzegovina|1
3277605|na|Boteniya me Erdegobina|1
3277605|nds|Bosnien-Herzegowina|1
3277605|nl|Bosnie en Herzegovina|1
3277605|nn|Bosnia-Hercegovina|1
3277605|no|Bosnia-Hercegovina|1
3277605|oc|Bosnia e Ercegovina|1
3277605|pam|Bosnia at Herzegovina|1
3277605|pms|Bosnia e Erzegovina|1
3277605|pt|Bosnia e Herzegovina|1
3277605|qu|Busna-Hirsiquwina|1
3277605|scn|Bosnia-Erzegovina|1
3277605|se|Bosnia ja Hercegovina|1
3277605|hbs|Bosna i Hercegovina|1
3277605|sw|Bosnia na Herzegovina|1
3277605|tl|Bosnia at Herzegovina|1
3277605|tr|Bosna-Hersek|1
3277605|tr|Bosna ve Hersek|1
3277605|vi|Bosna va Hercegovina|1
3277605|vo|Bosnan e Harzegovan|1
3277605|war|Bosnya ngan Hersegovina|1
3277605|et|Bosnia ja Herzegovina|1
3277605|fi|Bosnia-Hertsegovina|1
3277605|gl|Bosnia e Hercegovina|1
3277605|ia|Bosnia e Herzegovina|1
3277605|nl|Bosnie-Herzegovina|1
3277605|sv|Bosnien-Hercegovina|1
3277605|ak|Bosnia ne Hezegovina|1
3277605|az|Bosniya v@ Herzokovina|1
3277605|bm|Bozni-Erizigovini|1
3277605|br|Bosnia ha Herzegovina|1
3277605|ee|Bosnia kple Herzergovina nutome|1
3277605|ff|Bosnii Hersegowiin|1
3277605|ha|Bosniya da Harzagobina|1
3277605|it|Bosnia-Erzegovina|1
3277605|ki|Bosnia na Hezegovina|1
3277605|kl|Bosnia aamma Herzegovina|1
3277605|lg|Boziniya Hezegovina|1
3277605|ln|Bosini mpe Hezegovine|1
3277605|lu|Mbosini ne Hezegovine|1
3277605|mg|Bosnia sy Herzegovina|1
3277605|nd|Bhosnia le Herzegovina|1
3277605|rm|Bosnia ed Erzegovina|1
3277605|rn|Bosiniya na Herigozevine|1
3277605|sg|Bosnii na Herzegovinni|1
3277605|sn|Boznia ne Herzegovina|1
3277605|to|Posinia mo Hesikovina|1
3277605|yo|Bosinia ati Etisegofina|1
3277605|zu|i-Bosnia ne-Herzegovina|1
3277605|pap|Bosnia Herzogovina|1
3277605|az|Bosniya v@ Herseqovina|1
3277605|ksh|Bosnien-Herzegovina|1
3277605|srn|Bosnikondre|1
3277605|lad|Bosnia i Hersegovina|1
3277605|hak|Bosnia lau Herzegovina|1
3277605|gag|Bosniya hem Hertegovina|1
3277605|ln|Bosnia na Erzegovina|1
3277605|bar|Bosnien-Herzegowina|1
3277605|yo|Bosnia ati Herjegofina|1
3277605|mi|Pongia-Herekomina|1
3277605|kl|Bosnia-Hercegovina|1
3277605|pih|Bosnya a Hersegowina|1
3277605|uz|Bosniya va Gersegovina|1
3277605|ie|Bosnia e Herzegovina|1
3277605|lij|Bosnia-Ercegovina|1
3277605|lmo|Bosnia e Erzegovina|1
3277605|ht|Bosni ak Erzegovin|1
3277605|diq|Bosna u Hersek|1
3277605|szl|Bosna a Hercegowina|1
3277605|kaa|Bosniya ham Gertsegovina|1
3277605|ace|Bosnia Herzegovina|1
3277605|tk|Bosniya we Gersegowina|1
3277605|gv|Bosnia as Herzegovina|1
3277605|ss|IBhosinya ne Hezegovi|1
3277605|gn|Vonia ha Hesegovina|1
3277605|sc|Bosnia Erzegovina|1
3277605|ltg|Bosneja i Hercegovina|1
3277605|su|Bosnia jeung Herzegovina|1
3277605|gd|Bosna agus Hearsagobhana|1
3277605|so|Bosniya|1
3277605|sm|Bosnia ma Herzegovina|1
3277605|ga|An Bhoisnia-Heirseagaivein|1
3277605|haw|Bosenia me Hesegowina|1
3277605|mt|Boznija u Herzegovina|1
3277605|nah|Bosnia ihuan Hertzegovina|1
3277605|ilo|Bosnia ken Herzegovina|1
3277605|dsb|Bosniska-Hercegowinska|1
3277605|frr|Bosnien an Herzegowina|1
3277605|ext|Bosnia Ercegovina|1
3277605|als|Bosnien und Herzegowina|1
3277605|ceb|Bosnia ug Herzegovina|1
3277605|jv|Bosnia lan Hercegovina|1
3277605|sco|Bosnie an Herzegovinae|1
3277605|vec|Bosnia e Erzegovina|1
3277605|vep|Bosnii da Gercegovin|1
3277605|tum|Bosnia na Herzegovina|1
3277605|rw|Bosiniya na Herizegovina|1
3277605|fo|Bosnia og Hersegovina|1
3277605|zea|Bosnie-Hercegovina|1
3277605|ff|Bosniya|1
3277605|af|Bosnie-Herzegowina|1
3277605|csb|Bosnijo e Hercegowina|1
3277605|rm|Bosnia-Erzegovina|1
3277605|nov|Bosnia e Hertsegovina|1
3277605|co|Bosnia e Erzegovina|1
3277605|pcd|Bosnie-Erzegovine|1
3277605|stq|Bosnien un Herzegowina|1
3277605|wo|Bosni|1
3277605|bi|Bosnia & Herzegovina|1
3277605|nv|Bosna doo Hetsog Bikeyah|1
3277605|bcl|Bosnya asin Hersegobina|1
3277605|kg|Bosna|1
3277605|pag|Bosnia tan Hersegobina|1
3277605|crh|Bosna ve Hersek|1
3277605|nap|Bosnia-Erzegovina|1
3277605||Bosna kap Hercegovina|1
3277605|sgs|Bosneje er Hercuogovena|1
3277605|ang|Bosnia and Herzegofina|1
3277605|cdo|Bosnia gaeng Herzegovina|1
3277605|kab|Busnya ed Hirziguvina|1
3277605|om|Boosniyaa fi Herzegoviinaa|1
3277605|tet|Boznia no Erzegovina|1
3277605|tpi|Bosnia na Hesegovina|1
3277605|vls|Bosnie-Herzegovina|1
3277605|zu|IBhosniya neHerzegovina|1
3277605|fy|Bosnie en Herzegovina|1
3277605|gd|Bosna is Hearsagobhana|1
3277605|ig|Bosnia & Herzegovina|1
3277605|jv|Bosnia lan Hersegovina|1
3277605|qu|Bosnia y Herzegovina|1
3277605|se|Bosnia-Hercegovina|1
3277605|uz|Bosniya va Gertsegovina|1
3277605|wo|Bosni Ersegowin|1
203312|fr|Republique Democratique du Congo|1
203312||Congo Free State|1
203312||Federal Republic of the Congo|1
203312||Federation of the Congo|1
203312|da|Den Demokratiske Republik Congo|1
203312|de|Demokratische Republik Kongo|1
203312|es|Republica Democratica del Congo|1
203312|et|Kongo DV|1
203312|fr|Republique democratique du Congo|1
203312|hu|Kongo, Demokratikus koztarsasag|1
203312|is|Austur-Kongo|1
203312|it|Repubblica Democratica del Congo|1
203312|lt|Kongas-Kinsasa|1
203312|lv|Kongo Demokratiska Republika|1
203312|nb|Kongo-Kinshasa|1
203312|nn|Kongo-Kinshasa|1
203312|pt|Congo - Kinshasa|1
203312|ro|Congo, Republica Democratica|1
203312|sk|Konzska demokraticka republika|1
203312|sl|Demokraticna republika Kongo|1
203312|sv|Demokratiska Republiken Kongo|1
203312|tr|Kongo Demokratik Cumhuriyeti|1
203312|pl|Demokratyczna Republika Konga|1
203312|en|Democratic Republic of the Congo|1
203312|af|Demokratiese Republiek van die Kongo|1
203312|an|Republica Democratica do Congo|1
203312|ang|Folcricelicu Cynewise thaes Congwes|1
203312|ast|Republica Democratica dEl Congo|1
203312|bs|Demokratska Republika Kongo|1
203312|ca|Republica Democratica del Congo|1
203312|cs|Demokraticka republika Kongo|1
203312|da|Demokratiske Republik Congo|1
203312|eo|Demokratia Respubliko Kongo|1
203312|et|Kongo Demokraatlik Vabariik|1
203312|eu|Kongoko Errepublika Demokratikoa|1
203312|fi|Kongon demokraattinen tasavalta|1
203312|fy|Demokratyske Republyk Kongo|1
203312|gl|Republica Democratica do Congo - Republique Democratique du Congo|1
203312|hr|Demokratska Republika Kongo|1
203312|hu|Kongoi Demokratikus Koztarsasag|1
203312|ia|Republica Democratic del Congo|1
203312|io|Demokratial Republiko Kongo|1
203312|kg|Repubilika ya Kongo ya Dimokalasi|1
203312|kw|Repoblek Werinel Kongo|1
203312|la|Res publica democratica Congensis|1
203312|li|Kongo|1
203312|ln|Kongo-Kinsasa|1
203312|lv|Kongo DR|1
203312|ms|Republik Demokratik Congo|1
203312|na|Ripubrikit Engame Kongo|1
203312|nds|Demokraatsche Republik Kongo|1
203312|nl|Congo-Kinshasa|1
203312|no|Den demokratiske republikken Kongo|1
203312|oc|Republica Democratica de Congo|1
203312|pam|Demokratika Republika ning Kongo|1
203312|pt|Republica Democratica do Congo|1
203312|ro|Republica Democrata Congo|1
203312|hbs|Demokratska Republika Kongo|1
203312|sk|Kongo|1
203312|sq|Republika Demokratike e Kongos|1
203312|sw|Jamhuri ya Kidemokrasia ya Kongo|1
203312|tl|Demokratikong Republika ng Congo|1
203312|tr|Demokratik Kongo Cumhuriyeti|1
203312|vi|Cong hoa Dan chu Congo|1
203312|et|Kongo-Kinshasa|1
203312|hu|Kongo - Kinshasa|1
203312|is|Kongo, lydveldid|1
203312|ln|Repibiki demokratiki ya Kongo|1
203312|lv|Kongo-Kinshasa|1
203312|se|Kongo-Kinshasa|1
203312|sk|Kongo, demokraticka republika|1
203312|sl|Kongo, demokraticna republika|1
203312|tr|Kongo Cumhuriyeti|1
203312|vi|Congo - Kinshasa|1
203312|en|Democratic Republic of Congo|1
203312|bm|Kongo ka republiki demokratiki|1
203312|bs|DR Kongo|1
203312|ee|Kongo Kinshasa nutome|1
203312|ff|Ndenndaandi Demokaraasiire Konngo|1
203312|fo|Kongo, Dem. Lydveldid|1
203312|ki|Jamhuri ya Kidemokrasia ya Kongo|1
203312|kl|Kongo-Kinshasa|1
203312|lg|Kongo - Zayire|1
203312|lu|Ditunga wa Kongu|1
203312|mg|Repoblikan'i Kongo|1
203312|nd|Democratic Republic of the Congo|1
203312|oc|Congo - Kinshasa|1
203312|rn|Repubulika Iharanira Demokarasi ya Kongo|1
203312|sg|Kodorosese ti Ngunuhalezo ti kongo|1
203312|sn|Democratic Republic of the Congo|1
203312|so|Jamhuuriyadda Dimuqaadiga Kongo|1
203312|yo|Kongo - Kinshasa|1
203312|en|Congo, The Democratic Republic Of|1
203312|en|Congo-Kinshasa|1
203312|ace|Republik Demokratik Kongo|1
203312|als|Demokratische Republik Kongo|1
203312|az|Konqo Demokratik Respublikasi|1
203312|bcl|Demokratikong Republika kan Kongo|1
203312|bjn|Ripublik Demokratik Kongo|1
203312|bm|Kongo ka Bejefanga Fasojamana|1
203312|br|Republik Demokratel Kongo|1
203312|ceb|Republikang Demokratiko sa Congo|1
203312|crh|Kongo|1
203312|cy|Gweriniaeth Ddemocrataidd y Congo|1
203312|diq|Cumhuriyete Kongoye Demokratiki|1
203312|dsb|Demokratiska republika Kongo|1
203312|ext|Repubrica Democratica del Congu|1
203312|fo|Folkaraediliga Lydveldid Kongo|1
203312|frp|Republica democratica du Congo|1
203312|gag|Kongo Demokratik Respublikasi|1
203312|gd|Poblachd Dheamocrach na Congo|1
203312|gn|Teta Jekopytyjoja Kongo|1
203312|gv|Pobblaght Gheynlagh ny Congo|1
203312|ha|Jamhuriyar dimokuradiyya Kwango|1
203312|hsb|Demokratiska republika Kongo|1
203312|ht|Kongo|1
203312|id|Republik Demokratik Kongo|1
203312|ie|Democratic Republic de Congo|1
203312|ilo|Demokratiko a Republika iti Kongo|1
203312|jbo|roltrusio zei.kongos|1
203312|jv|Republik Dhemokratis Kongo|1
203312|ksh|Demokratische Republek Kongo|1
203312|ku|Kongoya Demokratik|1
203312|lad|Repuvlika Demokratika del Kongo|1
203312|lb|Demokratesch Republik Kongo|1
203312|lij|Repubbrica Democratica do Congo|1
203312|lmo|Republica Demucratica del Congo|1
203312|lt|Kongo Demokratine Respublika|1
203312|ltg|Konga Demokratiskuo Republika|1
203312|mg|Repoblika Demokratikani Kongo|1
203312|mt|Repubblika Demokratika tal-Kongo|1
203312|nah|Tlacatlahtohcayotl Tlacatepacholiztli in Congo|1
203312|nov|Demokrati Republike de Kongo|1
203312|pap|Republika demokratika di Kongo|1
203312|pih|Demokratik Repablik o t Kongo|1
203312|pms|Republica Democratica del Congo|1
203312|qu|Kungu Runakamaq Ripuwlika|1
203312|rw|Repubulika Iharanira Demokarasi ya Kongo|1
203312|sc|Repubrica Democratiga de su Congo|1
203312|scn|Ripubbrica Dimucratica du Congu|1
203312|sco|Democratic Republic o the Congo|1
203312|se|Kongo demokrahtalas dassevaldi|1
203312|sg|Kuoduoruosese ti Ngunuhalezo ti Kongo|1
203312|so|Jamhuuriyada Dimuqaraadiga Kongo|1
203312|ss|IKhongo|1
203312|stq|Demokratiske Republik Kongo|1
203312|su|Republik Demokratik Kongo|1
203312|szl|Dymokratyczno Republika Kunga|1
203312|tk|Kongo Demokratik Respublikasy|1
203312|uz|Kongo Demokratik Respublikasi|1
203312|vec|Republica Democratica del Congo|1
203312|vls|Congo-Kinshasa|1
203312|vo|Kongoan|1
203312|wa|Congo-Kinchassa|1
203312|war|Republika Demokratika han Congo|1
203312|wo|Kongoo-Kinshasa|1
203312|yo|Orile-ede Olominira Oloselu ile Kongo|1
203312|za|Ganggoj Minzcuj Gunghozgoz|1
203312||Congo Bin-chu Kiong-ho-kok|1
203312|zu|IRiphabliki Labantu weKongo|1
203312|sv|Kongo-Kinshasa|1
203312|sgs|Kuonga Demuokratene Respobleka|1
203312|cdo|Congo Ming-cio Geung-huo-guok|1
203312|hak|Congo Min-chu Khiung-fo-koet|1
203312|kab|Tagduda Tamegdayt n Kungu|1
203312|min|Republik Demokratik Kongo|1
203312|om|Riippabiliika Dimookiraatawaa Koongoo|1
203312|st|Rephabliki ya Demokrasi ya Kongo|1
203312|vep|Kongon Demokratine Tazovaldkund|1
203312|fi|Kinshasan Kongo|1
203312|jv|Kongo - Kinshasa|1
203312|lb|Kongo-Kinshasa|1
203312|no|Kongo|1
239880|fr|Republique Centrafricaine|1
239880||Ubangui-Shari|1
239880||Empire Centrafricaine|1
239880||Territoire de l'Oubangui|1
239880||Central African Empire|1
239880||Oubangui-Chari|1
239880||Ubangi-Shari|1
239880|af|Sentraal-Afrikaanse Republiek|1
239880|ca|Republica Centrafricana|1
239880|cs|Stredoafricka republika|1
239880|cy|Gweriniaeth Canol Affrica|1
239880|da|Den Centralafrikanske Republik|1
239880|de|Zentralafrikanische Republik|1
239880|en|Central African Republic|1
239880|eo|Centr-Afrika Respubliko|1
239880|es|Republica Centroafricana|1
239880|et|Kesk-Aafrika Vabariik|1
239880|eu|Afrika Erdiko Errepublika|1
239880|fi|Keski-Afrikan tasavalta|1
239880|fo|Midafrikalydveldid|1
239880|ga|Poblacht na hAfraice Lair|1
239880|hr|Srednjoafricka Republika|1
239880|hu|Kozep-afrikai Koztarsasag|1
239880|id|Republik Afrika Tengah|1
239880|is|Mid-Afrikulydveldid|1
239880|it|Repubblica Centrafricana|1
239880|lt|Centrines Afrikos Respublika|1
239880|lv|Centralafrikas Republika|1
239880|ms|Republik Afrika Tengah|1
239880|mt|ir-Repubblika Centru-Afrikana|1
239880|nb|Den sentralafrikanske republikk|1
239880|nl|Centraal-Afrikaanse Republiek|1
239880|nn|Den sentralafrikanske republikk|1
239880|pl|Republika Srodkowej Afryki|1
239880|pt|Republica Centro-Africana|1
239880|ro|Republica Central Africana|1
239880|sk|Stredoafricka republika|1
239880|sl|Centralnoafriska republika|1
239880|sq|Republika Qendrore e Afrikes|1
239880|sv|Centralafrikanska republiken|1
239880|sw|Jamhuri ya Afrika ya Kati|1
239880|tr|Orta Afrika Cumhuriyeti|1
239880|vi|Cong hoa Trung Phi|1
239880|pl|Republika Srodkowoafrykanska|1
239880|an|Republica Centroafricana|1
239880|ast|Republica Centroafricana|1
239880|bs|Srednjoafricka Republika|1
239880|ca|Republica Centreafricana|1
239880|gl|Republica Centroafricana|1
239880|ia|Republica Centroafrican|1
239880|io|Centrafrika|1
239880|jv|Republik Afrika Tengah|1
239880|kw|Centrafrika|1
239880|li|Centraal Afrika|1
239880|lv|Centralafrika|1
239880|nds|Zentraalafrikaansche Republik|1
239880|nn|Den sentralafrikanske republikken|1
239880|no|Den sentralafrikanske republikk|1
239880|nov|Sentral Afrikani Republike|1
239880|oc|Centreafrica|1
239880|pam|Republika ning Central Aprika|1
239880|ro|Republica Centrafricana|1
239880|hbs|Srednjoafricka Republika|1
239880|sl|Srednjeafriska republika|1
239880|sq|Republika e Afrikes Qendrore|1
239880|tl|Republika ng Gitnang Aprika|1
239880|vi|Cong hoa Trung Phi|1
239880|et|Kesk Aafrika Vabariik|1
239880|fr|Centrafricaine, republique|1
239880|gl|Republica Africana Central|1
239880|ia|Republica African Central|1
239880|ln|Repibiki ya Afrika ya Kati|1
239880|ak|Afrika Finimfin Man|1
239880|az|Orta Afrika respublikasi|1
239880|bm|Santarafiriki|1
239880|br|Republik Kreizafrikan|1
239880|bs|Centralnoafricka Republika|1
239880|ee|Titina Afrika repoblik nutome|1
239880|ff|Ndenndaandi Santarafrik|1
239880|ha|Jamhuriyar Afirka Ta Tsakiya|1
239880|ki|Jamhuri ya Afrika ya Kati|1
239880|lg|Lipubulika eya Senturafiriki|1
239880|lu|Ditunga dya Afrika wa munkatshi|1
239880|mg|Repoblika Ivon'Afrika|1
239880|nd|Central African Republic|1
239880|oc|Republica Centraficana|1
239880|rm|Republica Centralafricana|1
239880|rn|Repubulika ya Santarafurika|1
239880|se|Gaska-Afrihka dassevaldi|1
239880|sg|Kodorosese ti Beafrika|1
239880|sn|Central African Republic|1
239880|so|Jamhuuriyadda Afrikada Dhexe|1
239880|yo|Arin gungun Afirika|1
239880|zu|i-Central African Republic|1
239880|gv|Pobblaght yn Affrick Veanagh|1
239880|gd|Poblachd Meadhan Afraga|1
239880|lij|Repubbrica Centro-Africann-a|1
239880|bjn|Ripublik Aprika Tangah|1
239880|war|Republika han Butnga nga Aprika|1
239880|szl|Strzodkowoafrikansko Republika|1
239880|ht|Repiblik santafrik|1
239880|diq|Cumhuriyete Afrikaya Miyanene|1
239880|tk|Merkezi Afrika Respublikasy|1
239880|lb|Zentralafrikanesch Republik|1
239880|lad|Repuvlika Sentroafrikana|1
239880|su|Republik Afrika Tengah|1
239880|ln|Santrafrika|1
239880|ts|Afrika Wale Xikarhi|1
239880|ss|Umkhatsi we-Afrikha|1
239880|ace|Republik Afrika Teungoh|1
239880|sc|Tzentrafrica|1
239880|crh|Merkeziy Afrika|1
239880|so|Jamhuuriyadda Bartamaha Afrika|1
239880|fy|Sintraal-Afrikaanske Republyk|1
239880|kaa|Orayliq Afrika Respublikasi|1
239880|rw|Repubulika ya Santara Afurika|1
239880|ang|Middel Affricanisc Cynewise|1
239880|vec|Republica Sentrafricana|1
239880|hsb|Centralnoafriska republika|1
239880|dsb|Centralnoafriska republika|1
239880|ku|Komara Afrikaya Navend|1
239880|ilo|Republika ti Tengnga nga Aprika|1
239880|kg|Repubilika ya Afelika ya Kati|1
239880|wo|Reewum Diggu Afrig|1
239880|als|Zentralafrikanische Republik|1
239880|frp|Republica centrafriquena|1
239880|qu|Chawpi Aphrika Ripuwlika|1
239880|ext|Repubrica Centroafricana|1
239880|cy|Gweriniaeth Canolbarth Affrica|1
239880|stq|Zentroalafrikoanske Republik|1
239880|lmo|Republica Centrafricana|1
239880|yo|Orile-ede Olominira Arin Afrika|1
239880|az|M@rk@zi Afrika Respublikasi|1
239880|nah|Tlacatlahtohcayotl Tlahco Africa|1
239880|na|Ripubrikin Aprika Yugaga|1
239880|bm|Cema Afrika Fasojamana|1
239880|la|Res publica Africae Mediae|1
239880|ceb|Republikang Sentral Aprikano|1
239880|vo|Zanoda-Frikop|1
239880|scn|Ripubblica Centrafricana|1
239880|pms|Republica Sentrafrican-a|1
239880|uz|Markaziy Afrika Respublikasi|1
239880|pih|Sentril Afrekan Repablik|1
239880|bcl|Sentral na Aprikanong Republika|1
239880|sgs|Centrenes Afrekas Respobleka|1
239880|gag|Merkez Afrika Respublikasi|1
239880|ie|Republica Centralafrican|1
239880|mg|Repoblikani Afrika Afovoany|1
239880|mt|Repubblika Centru-Afrikana|1
239880||Tiong-hui Kiong-ho-kok|1
239880|cdo|Dung-hi Geung-huo-guok|1
239880|ee|Titina Afrika|1
239880|hak|Chung-fi Khiung-fo-koet|1
239880|id|Afrika Tengah|1
239880|kab|Tagduda n Tefriqt Talemmast|1
239880|min|Republik Afrika Tangah|1
239880|om|Aafrikaa Giddu Galeessaa|1
239880|vep|Keskafrikan Tazovaldkund|1
239880|za|Cunghfeih Gunghozgoz|1
239880|zea|Centraol Afrikaonse Republiek|1
239880|ig|Central African Republik|1
239880|qu|Republica Centroafricana|1
239880|wo|Repiblik Santar Afrik|1
719819|hu|Magyar Koztarsasag|1
719819||Madjarska|1
719819|hu|A Magyar Nepkoztarsasag|1
719819||Madarsko|1
719819||Ungaria|1
719819|hu|Magyar Nepkoztarsasag|1
719819||Ungarn|1
719819||Wegry|1
719819||Ungheria|1
719819|hu|A Magyar Koztarsasag|1
719819||Hongrie|1
719819|af|Hongarye|1
719819|ca|Hongria|1
719819|cs|Madarsko|1
719819|cy|Hwngari|1
719819|da|Ungarn|1
719819|de|Ungarn|1
719819|en|Hungary|1
719819|eo|Hungarujo|1
719819|es|Hungria|1
719819|et|Ungari|1
719819|eu|Hungaria|1
719819|fi|Unkari|1
719819|fo|Ungarn|1
719819|fr|Hongrie|1
719819|ga|an Ungair|1
719819|hr|Madarska|1
719819|hu|Magyarorszag|1
719819|id|Hungaria|1
719819|is|Ungverjaland|1
719819|it|Ungheria|1
719819|lt|Vengrija|1
719819|lv|Ungarija|1
719819|ms|Hungari|1
719819|mt|l-Ungerija|1
719819|nb|Ungarn|1
719819|nl|Hongarije|1
719819|nn|Ungarn|1
719819|pl|Wegry|1
719819|pt|Hungria|1
719819|ro|Ungaria|1
719819|sk|Madarsko|1
719819|sl|Madzarska|1
719819|so|Hangari|1
719819|sq|Hungari|1
719819|sv|Ungern|1
719819|sw|Hungaria|1
719819|tr|Macaristan|1
719819|vi|Hung-ga-ri|1
719819|an|Hongria|1
719819|ast|Hungria|1
719819|az|Macaristan|1
719819|bar|Ungarn|1
719819|br|Hungaria|1
719819|bs|Madarska|1
719819|eo|Hungario|1
719819|frp|Hongrie|1
719819|fy|Hongarije|1
719819|gd|An Ungair|1
719819|gl|Hungria - Magyarorszag|1
719819|gv|Yn Ungaar|1
719819|hsb|Madzarska|1
719819|ht|Ongri|1
719819|ia|Hungaria|1
719819|id|Hongaria|1
719819|io|Hungaria|1
719819|ku|Hungarya|1
719819|kw|Hungari|1
719819|la|Hungaria|1
719819|lb|Ungarn|1
719819|li|Hongariee|1
719819|ms|Hungary|1
719819|na|Ungari|1
719819|nds|Ungarn|1
719819|no|Ungarn|1
719819|nrm|Hongrie|1
719819|oc|Ongria|1
719819|pam|Hungrya|1
719819|pms|Ungheria|1
719819|qu|Unriya|1
719819|rmy|Ungariya|1
719819|scn|Unghiria|1
719819|sco|Hungary|1
719819|se|Ungara|1
719819|hbs|Madarska|1
719819|sq|Hungaria|1
719819|tet|Ungria|1
719819|tl|Unggarya|1
719819|tpi|Hangari|1
719819|uz|Mojariston|1
719819|vi|Hungary|1
719819|vo|Macaran|1
719819|war|Hungarya|1
719819|gl|Hungria|1
719819||Magyar Nepkoztarsasag|1
719819||A Magyar Nepkoztarsasag|1
719819||A Magyar Koztarsasag|1
719819|ak|Hangari|1
719819|bm|Hongri|1
719819|ee|Hungari nutome|1
719819|ff|Onngiri|1
719819|ha|Hungari|1
719819|ki|Hungaria|1
719819|kl|Ungarni|1
719819|ku|Macaristan|1
719819|lg|Hangare|1
719819|ln|Ongili|1
719819|lu|Ongili|1
719819|mg|Hongria|1
719819|nd|Hungary|1
719819|rm|Ungaria|1
719819|rn|Hungariya|1
719819|sg|Hongiruii|1
719819|sn|Hungary|1
719819|to|Hungakalia|1
719819|yo|Hungari|1
719819|zu|i-Hungary|1
719819|ace|Hongaria|1
719819|ang|Ungerland|1
719819|ay|Hunkariya|1
719819|sgs|Vengreje|1
719819|bcl|Hungriya|1
719819|ceb|Unggriya|1
719819|crh|Macaristan|1
719819|csb|Madzarsko|1
719819|diq|Macaristan|1
719819|dsb|Hungorska|1
719819|ext|Ungria|1
719819|ff|Hunngariya|1
719819|fur|Ongjarie|1
719819|gag|Vengriya|1
719819|gn|Hungyria|1
719819|hak|Hiung-nga-li|1
719819|haw|Hunakalia|1
719819|ie|Hungaria|1
719819|ilo|Hungaria|1
719819|jbo|madjiar|1
719819|jv|Hongaria|1
719819|kaa|Vengriya|1
719819|ki|Macartsa|1
719819|lad|Madjaristan|1
719819|lij|Ungaja|1
719819|lmo|Ungheria|1
719819|ln|Ungri|1
719819|ltg|Vengreja|1
719819|mi|Hanekeria|1
719819|nah|Hungria|1
719819|nov|Hungaria|1
719819|nv|Hangewii|1
719819|pap|Hongaria|1
719819|pih|Hungrii|1
719819|rw|Hongiriya|1
719819|so|Hungaria|1
719819|ss|IHangareyi|1
719819|su|Hungaria|1
719819|szl|Madzary|1
719819|tk|Wengriya|1
719819|vec|Ongaria|1
719819|vep|Madjaranma|1
719819|vls|Hongareye|1
719819|wo|Ongiri|1
719819|yo|Hungari|1
719819|zea|Honharije|1
719819||Magyar-kok|1
719819|olo|Vengrii|1
719819|ha|Hungariya|1
719819|mg|Hongaria|1
719819|om|Hangaarii|1
719819|srn|Ogarnikondre|1
719819|ig|Hungary|1
719819|jv|Honggari|1
719819|qu|Hungria|1
719819|se|Ungar|1
719819|uz|Vengriya|1
719819|wo|Ongari|1
1269750||Bharat|1
1269750|aa|India|1
1269750|af|Indie|1
1269750|ca|India|1
1269750|cs|Indie|1
1269750|cy|India|1
1269750|da|Indien|1
1269750|de|Indien|1
1269750|en|India|1
1269750|eo|Hindujo|1
1269750|es|India|1
1269750|et|India|1
1269750|fi|Intia|1
1269750|fr|Inde|1
1269750|ga|an India|1
1269750|hr|Indija|1
1269750|hu|India|1
1269750|id|India|1
1269750|is|Indland|1
1269750|it|India|1
1269750|lt|Indija|1
1269750|lv|Indija|1
1269750|ms|Hindia|1
1269750|mt|l-Indja|1
1269750|nb|India|1
1269750|nl|India|1
1269750|nn|India|1
1269750|om|India|1
1269750|pl|Indie|1
1269750|pt|India|1
1269750|ro|India|1
1269750|sk|India|1
1269750|sl|Indija|1
1269750|so|Hindiya|1
1269750|sq|Indi|1
1269750|sv|Indien|1
1269750|sw|India|1
1269750|tr|Hindistan|1
1269750|vi|An Do|1
1269750|es|Union India|1
1269750|eo|Barato|1
1269750|eo|Bharato|1
1269750|eo|Hinda Unio|1
1269750|eo|Hindio|1
1269750|ab|India|1
1269750|ak|India|1
1269750|an|India|1
1269750|ang|India|1
1269750|arc|India|1
1269750|ast|India|1
1269750|av|India|1
1269750|ay|India|1
1269750|az|Hindistan|1
1269750|ba|India|1
1269750|bi|India|1
1269750|bm|India|1
1269750|bo|India|1
1269750|br|India|1
1269750|bs|Indija|1
1269750|bug|India|1
1269750|ce|India|1
1269750|ceb|Indiya|1
1269750|ch|India|1
1269750|cho|India|1
1269750|chr|India|1
1269750|chy|India|1
1269750|co|India|1
1269750|cr|India|1
1269750|csb|Indie|1
1269750|diq|Hindistan|1
1269750|dz|India|1
1269750|ee|India|1
1269750|eu|India|1
1269750|fj|India|1
1269750|fo|India|1
1269750|frp|Ende|1
1269750|fur|Indie|1
1269750|fy|Yndia|1
1269750|gd|Na h-Innseachan|1
1269750|gn|India|1
1269750|gv|Yn Injey|1
1269750|ha|India|1
1269750|ho|India|1
1269750|hsb|Indiska|1
1269750|ht|End|1
1269750|hz|India|1
1269750|ia|India|1
1269750|ie|India|1
1269750|ig|India|1
1269750|ilo|India|1
1269750|io|India|1
1269750|jbo|xingu'e|1
1269750|jv|India|1
1269750|kg|India|1
1269750|ki|India|1
1269750|kj|India|1
1269750|kl|India|1
1269750|ksh|Inndije|1
1269750|ku|Hindistan|1
1269750|kv|India|1
1269750|kw|Eynda|1
1269750|ky|India|1
1269750|la|India|1
1269750|lb|Indien|1
1269750|lg|India|1
1269750|li|India|1
1269750|lij|India|1
1269750|lmo|India|1
1269750|ln|India|1
1269750|lo|India|1
1269750|mg|India|1
1269750|mh|India|1
1269750|mi|Inia|1
1269750|ms|India|1
1269750|mus|India|1
1269750|my|India|1
1269750|na|India|1
1269750|nah|Indiyan|1
1269750|nap|Innia|1
1269750|nds|Indien|1
1269750|ng|India|1
1269750|no|India|1
1269750|nov|India|1
1269750|nrm|Inde|1
1269750|nv|India|1
1269750|ny|India|1
1269750|oc|India|1
1269750|pam|India|1
1269750|pap|India|1
1269750|pdc|India|1
1269750|pih|India|1
1269750|pms|India|1
1269750|qu|Barat|1
1269750|qu|Indiya|1
1269750|rm|India|1
1269750|rmy|Indiya|1
1269750|rn|India|1
1269750|sc|India|1
1269750|scn|Innia|1
1269750|sco|Indie|1
1269750|sd|India|1
1269750|se|India|1
1269750|sg|India|1
1269750|hbs|Indija|1
1269750|sm|India|1
1269750|sn|India|1
1269750|sq|India|1
1269750|ss|India|1
1269750|st|India|1
1269750|su|India|1
1269750|tet|India|1
1269750|ti|India|1
1269750|tk|Hindistan|1
1269750|tl|India|1
1269750|tpi|India|1
1269750|ts|India|1
1269750|tt|Hindstan|1
1269750|tum|India|1
1269750|tw|India|1
1269750|ty|'Initia|1
1269750|uz|Hindiston|1
1269750|ve|India|1
1269750|vec|India|1
1269750|vo|India|1
1269750|wa|Inde|1
1269750|war|India|1
1269750|wo|India|1
1269750|xal|India|1
1269750|xh|India|1
1269750|yo|India|1
1269750|za|India|1
1269750|zu|India|1
1269750|gl|A India|1
1269750|ln|Inde|1
1269750||Republic of India|1
1269750|bm|Endujamana|1
1269750|ee|India nutome|1
1269750|ff|Enndo|1
1269750|ha|Indiya|1
1269750|lg|Buyindi|1
1269750|lu|Inde|1
1269750|mg|Indy|1
1269750|nd|Indiya|1
1269750|rn|Ubuhindi|1
1269750|sg|Ennde|1
1269750|yo|Orileede India|1
1269750|zu|i-India|1
1269750||India|1
1269750|olo|Indii|1
1269750|fy|India|1
1269750|jv|Indhia|1
1269750|qu|India|1
1269750|wo|End|1
1861060||Nihon|1
1861060||Giappone|1
1861060||Japon|1
1861060||Yaponiya|1
1861060|aa|Japan|1
1861060|ca|Japo|1
1861060|cs|Japonsko|1
1861060|cy|Siapan|1
1861060|da|Japan|1
1861060|de|Japan|1
1861060|en|Japan|1
1861060|eo|Japanujo|1
1861060|es|Japon|1
1861060|et|Jaapan|1
1861060|eu|Japonia|1
1861060|fi|Japani|1
1861060|fr|Japon|1
1861060|ga|an tSeapain|1
1861060|hr|Japan|1
1861060|hu|Japan|1
1861060|id|Jepang|1
1861060|is|Japan|1
1861060|it|Giappone|1
1861060|lt|Japonija|1
1861060|lv|Japana|1
1861060|ms|Jepun|1
1861060|mt|il-Gappun|1
1861060|nb|Japan|1
1861060|nl|Japan|1
1861060|nn|Japan|1
1861060|om|Japan|1
1861060|pl|Japonia|1
1861060|pt|Japao|1
1861060|ro|Japonia|1
1861060|sk|Japonsko|1
1861060|sl|Japonska|1
1861060|so|Jabbaan|1
1861060|sq|Japoni|1
1861060|sv|Japan|1
1861060|sw|Ujapani|1
1861060|tr|Japonya|1
1861060|vi|Nhat Ban|1
1861060|af|Japan|1
1861060|an|Chapon|1
1861060|ang|Iapan|1
1861060|ast|Xapon|1
1861060|az|Yaponiya|1
1861060|br|Japan|1
1861060|br|Japon|1
1861060|bs|Japan|1
1861060|cdo|Nik-buong|1
1861060|ceb|Hapon|1
1861060|ch|Chapan|1
1861060|cho|Japan|1
1861060|chy|Japan|1
1861060|csb|Japonsko|1
1861060|cy|Japan|1
1861060|eo|Japanio|1
1861060|frp|J*apon|1
1861060|gd|An Iapan|1
1861060|hsb|Japanska|1
1861060|ht|Japon|1
1861060|ilo|Hapon|1
1861060|io|Japonia|1
1861060|jbo|pongue|1
1861060|kj|Japan|1
1861060|ku|Japon|1
1861060|ku|Japonya|1
1861060|kw|Nihon|1
1861060|la|Iaponia|1
1861060|lb|Japan|1
1861060|lbe|Japan|1
1861060|li|Japan|1
1861060|mg|Japana|1
1861060|mh|Japan|1
1861060|mi|Nipono|1
1861060|mus|Japan|1
1861060|na|Djapan|1
1861060|nds|Japan|1
1861060|ng|Japan|1
1861060|no|Japan|1
1861060|nrm|Japon|1
1861060|oc|Japon|1
1861060|pam|Hapon|1
1861060|qu|Nihun|1
1861060|scn|Giappuni|1
1861060|sco|Japan|1
1861060|se|Japana|1
1861060|so|Jabaan|1
1861060|sq|Japonia|1
1861060|ss|IJaphani|1
1861060|su|Jepang|1
1861060|sw|Japani|1
1861060|ti|Japan|1
1861060|tl|Hapon|1
1861060|ts|Japan|1
1861060|ty|Tapone|1
1861060|uz|Yaponiya|1
1861060|ve|Japan|1
1861060|vo|Yapan|1
1861060|zu|IJapani|1
1861060|fo|Japan|1
1861060|gl|O Xapon|1
1861060|ia|Japon|1
1861060|se|Jahpan|1
1861060|to|Siapani|1
1861060|ak|Gyapan|1
1861060|bm|Zapon|1
1861060|ee|Dzapan nutome|1
1861060|ff|Sapoo|1
1861060|ha|Japan|1
1861060|ki|Njabani|1
1861060|kl|Japani|1
1861060|kw|Japan|1
1861060|lg|Japani|1
1861060|ln|Zapo|1
1861060|lu|Japu|1
1861060|nd|Japan|1
1861060|rm|Giapun|1
1861060|rn|Ubuyapani|1
1861060|sg|Zapoon|1
1861060|sn|Japan|1
1861060|yo|Japani|1
1861060|zu|i-Japan|1
1861060|tpi|Siapan|1
1861060|war|Hapon|1
1861060|bjn|Japang|1
1861060|diq|Japonya|1
1861060|ltg|Japoneja|1
1861060|bcl|Hapon|1
1861060|nso|Japane|1
1861060|tk|Yaponiya|1
1861060|ace|Jeupun|1
1861060|gv|Yn Chapaan|1
1861060|szl|Japunijo|1
1861060|lij|Giappon|1
1861060|wo|SapoNG|1
1861060|pap|Hapon|1
1861060|jv|Jepang|1
1861060|rw|Ubuyapani|1
1861060|ay|Nihun|1
1861060|kab|Japun|1
1861060|pms|Giapon|1
1861060|nah|Xapon|1
1861060|sm|Iapani|1
1861060|hak|Ngit-pun|1
1861060|haw|Iapana|1
1861060|lmo|Giapun|1
1861060|ext|Japon|1
1861060|za|Nditbonj|1
1861060|ln|Zapo|1
1861060|vec|Giapon|1
1861060|dsb|Japanska|1
1861060|tw|Yapan|1
1861060|gn|Hapo|1
1861060|sgs|Japuoneje|1
1861060|min|Japang|1
1861060|om|Jaappaan|1
1861060|vep|Japonii|1
1861060||Jit-pun|1
1861060|olo|Japounii|1
1861060|fur|Gjapon|1
1861060|st|Japane|1
1861060|tet|Japaun|1
1861060|xh|IJapani|1
1861060|fy|Japan|1
1861060|gd|An t-Seapan|1
1861060|ig|Japan|1
1861060|mi|Hapani|1
1861060|qu|Japon|1
1861060|wo|SappoNG|1
3996063|es|Estados Unidos Mexicanos|1
3996063|en|United Mexican States|1
3996063||Mexiko|1
3996063|es|Republica Mejicana|1
3996063||Republica Mejico|1
3996063|en|Mexican Republic|1
3996063||Republica Mexicana|1
3996063|es|Mejico|1
3996063||Mexique|1
3996063||Messico|1
3996063|af|Meksiko|1
3996063|ca|Mexic|1
3996063|cs|Mexiko|1
3996063|cy|Mecsico|1
3996063|da|Mexico|1
3996063|de|Mexiko|1
3996063|en|Mexico|1
3996063|eo|Meksiko|1
3996063|es|Mexico|1
3996063|et|Mehhiko|1
3996063|eu|Mexiko|1
3996063|fi|Meksiko|1
3996063|fo|Meksiko|1
3996063|fr|Mexique|1
3996063|ga|Meicsiceo|1
3996063|hr|Meksiko|1
3996063|hu|Mexiko|1
3996063|id|Mexico|1
3996063|is|Mexiko|1
3996063|it|Messico|1
3996063|lt|Meksika|1
3996063|lv|Meksika|1
3996063|ms|Meksiko|1
3996063|mt|il-Messiku|1
3996063|nb|Mexico|1
3996063|nl|Mexico|1
3996063|nn|Mexico|1
3996063|pl|Meksyk|1
3996063|pt|Mexico|1
3996063|ro|Mexic|1
3996063|sk|Mexiko|1
3996063|sl|Mehika|1
3996063|so|Meksiko|1
3996063|sq|Meksike|1
3996063|sv|Mexiko|1
3996063|sw|Meksiko|1
3996063|tr|Meksika|1
3996063|vi|Me-hi-co|1
3996063|es|Nueva Espana|1
3996063|an|Mexico|1
3996063|ast|Mexico|1
3996063|br|Mechiko|1
3996063|cy|Mexico|1
3996063|frp|Mexique|1
3996063|gl|Mexico|1
3996063|gv|Meksico|1
3996063|haw|Mekiko|1
3996063|ht|Meksik|1
3996063|ia|Mexico|1
3996063|id|Meksiko|1
3996063|ilo|Mehiko|1
3996063|io|Mexikia|1
3996063|jbo|mexygue|1
3996063|ku|Meksik|1
3996063|kw|Meksiko|1
3996063|la|Mexicum|1
3996063|lb|Mexiko|1
3996063|li|Mexico|1
3996063|ms|Mexico|1
3996063|nah|Mexihco|1
3996063|nds|Mexiko|1
3996063|no|Mexico|1
3996063|oc|Mexic|1
3996063|pam|Mexico|1
3996063|pms|Messich|1
3996063|qu|Mishiku|1
3996063|rm|Mexico|1
3996063|scn|Messicu|1
3996063|hbs|Meksiko|1
3996063|sq|Meksika|1
3996063|sw|Mexiko|1
3996063|tl|Mehiko|1
3996063|vec|Mesico|1
3996063|vi|Mexico|1
3996063|vo|Maxikan|1
3996063|se|Meksiko|1
3996063|sk|Maxiko|1
3996063|to|Mekisikou|1
3996063|ak|Meksiko|1
3996063|az|Meksika|1
3996063|bm|Meksiki|1
3996063|bs|Meksiko|1
3996063|ee|Mexico nutome|1
3996063|ff|Meksik|1
3996063|ha|Makasiko|1
3996063|ki|Meksiko|1
3996063|kl|Mexiko|1
3996063|lg|Mekisiko|1
3996063|ln|Meksike|1
3996063|lu|Meksike|1
3996063|mg|Meksika|1
3996063|nd|Meksikho|1
3996063|rn|Migizike|1
3996063|sg|Mekisiki|1
3996063|sn|Mexico|1
3996063|yo|Mesiko|1
3996063|zu|i-Mexico|1
3996063|gn|Mehiko|1
3996063|vep|Meksik|1
3996063|chy|Meseesevehoeveno|1
3996063|mi|Mehiko|1
3996063|crh|Meksika|1
3996063|gd|Meagsago|1
3996063|wo|Meksik|1
3996063|tpi|Meksiko|1
3996063|ltg|Meksika|1
3996063|bcl|Mehiko|1
3996063|jv|Meksiko|1
3996063|lij|Mescico|1
3996063|pih|Meksikoe|1
3996063|co|Messicu|1
3996063|frr|Meksiko|1
3996063|lmo|Messich|1
3996063|lad|Meshiko|1
3996063|bm|Mekisiki|1
3996063|war|Mehiko|1
3996063|uz|Meksika|1
3996063|cdo|Mek-sa-go|1
3996063|nap|Messeco|1
3996063|ik|Mexiqo|1
3996063|ceb|Mehiko|1
3996063|yo|Meksiko|1
3996063|hak|Met-si-ko|1
3996063|ext|Mejicu|1
3996063|srn|Meksikokondre|1
3996063|nv|Mehigo|1
3996063|rw|Megizike|1
3996063|ay|Mixiku|1
3996063|mwl|Mexico|1
3996063|fur|Messic|1
3996063|fy|Meksiko|1
3996063|gag|Meksika|1
3996063|na|Meketiko|1
3996063|ss|IMekisikho|1
3996063|su|Meksiko|1
3996063|szl|Meksyk|1
3996063|diq|Meksika|1
3996063|zu|IMekisiko|1
3996063|tk|Meksika|1
3996063|ace|Meksiko|1
3996063|sgs|Mekseka|1
3996063|kab|Miksik|1
3996063|min|Meksiko|1
3996063||Bek-se-ko|1
3996063|csb|Meksyk|1
3996063|kaa|Meksika|1
3996063|om|Meeksikoo|1
3996063|pcd|Messike|1
3996063|sc|Messicu|1
3996063|tet|Mexiku|1
3996063|za|Maegsaego|1
3996063|fy|Mexico|1
3996063|ig|Mexico|1
3996063|qu|Mexico|1
3996063|wo|Meksiko|1
1668284||Republic of China|1
1668284||Chung-hua Min-kuo|1
1668284|pl|Republika Chinska|1
1668284|en|Taiwan|1
1668284|de|Taiwan|1
1668284|fr|Republique de Chine|1
1668284|es|Taiwan|1
1668284|ca|Taiwan|1
1668284|cdo|Dai-uang|1
1668284|cs|Cinska republika|1
1668284|cy|Taiwan|1
1668284|da|Republikken Kina|1
1668284|eo|Tajvano|1
1668284|fi|Kiinan tasavalta|1
1668284|ia|Republica de China|1
1668284|is|Lydveldid Kina|1
1668284|it|Isola di Formosa|1
1668284|ms|Pulau Taiwan|1
1668284|nl|Republiek China|1
1668284|nn|Republikken Kina|1
1668284|no|Republikken Kina|1
1668284|qu|Chunwa Republika|1
1668284|ro|Taiwan|1
1668284|sm|Saina Taipei|1
1668284|sv|Taiwan|1
1668284|tpi|Ripablik bilong Saina|1
1668284|tr|Cin Cumhuriyeti|1
1668284|vi|Dai Loan|1
1668284|pt|Taiwan|1
1668284|af|Taiwan|1
1668284|cs|Tchaj-wan|1
1668284|et|Taiwan|1
1668284|eu|Taiwan|1
1668284|fo|Teivan|1
1668284|fr|Taiwan|1
1668284|ga|An Teavain|1
1668284|gl|Taiwan|1
1668284|hr|Tajvan|1
1668284|hu|Tajvan|1
1668284|id|Taiwan|1
1668284|lt|Taivanas|1
1668284|lv|Taivana|1
1668284|ms|Taiwan|1
1668284|mt|it-Tajwan|1
1668284|nb|Taiwan|1
1668284|se|Taiwan|1
1668284|sk|Taiwan|1
1668284|sl|Tajvan|1
1668284|sq|Tajvan|1
1668284|ak|Taiwan|1
1668284|az|Tayvan|1
1668284|bm|Tayiwani|1
1668284|br|Taiwan|1
1668284|bs|Tajvan|1
1668284|ee|Taiwan nutome|1
1668284|ff|Taywaan|1
1668284|ha|Taiwan|1
1668284|is|Taivan|1
1668284|ki|Taiwani|1
1668284|kl|Taiwan|1
1668284|lg|Tayiwani|1
1668284|ln|Taiwanin|1
1668284|lu|Taiwani|1
1668284|mg|Taioana|1
1668284|nd|Thayiwani|1
1668284|rm|Taiwan|1
1668284|rn|Tayiwani|1
1668284|sg|Taiwani|1
1668284|sn|Taiwan|1
1668284|so|Taywaan|1
1668284|sw|Taiwan|1
1668284|to|Taiuani|1
1668284|yo|Taiwani|1
1668284|zu|i-Taiwan|1
1668284|ku|Taywan|1
1668284|dsb|Republika Chinskeje|1
1668284|nah|Taihuan|1
1668284|csb|Tajwan|1
1668284|gd|Poblachd na Sine|1
1668284|ast|Republica de China|1
1668284|gag|Kitay Respublikasi|1
1668284|hr|Republika Kina|1
1668284|sco|Republic o Cheenae|1
1668284|sq|Republika e Kines|1
1668284|ceb|Republika sa Tsina|1
1668284|jv|Republik Cina|1
1668284|za|Cunghvaz Minzgoz|1
1668284|gv|Pobblaght ny Sheen|1
1668284|vo|Tayvan|1
1668284|bar|Republik Kina|1
1668284|hu|Kinai Koztarsasag|1
1668284|et|Hiina Vabariik|1
1668284|io|Republiko di Chinia|1
1668284|nov|Republike de China|1
1668284|pcd|Taiwan|1
1668284|id|Republik Tiongkok|1
1668284|war|Republika han Tsina|1
1668284|oc|Republica de China|1
1668284|szl|Republika Chinsko|1
1668284|diq|Cumhuriyete Cini|1
1668284|az|Cin Respublikasi|1
1668284|na|Republik Tsiene|1
1668284|pam|Republika ning Tsina|1
1668284|pap|Republika di China|1
1668284|an|Republica de China|1
1668284|af|Republiek van Sjina|1
1668284|lad|Repuvlika de Kina|1
1668284|yo|Orile-ede Olominira ile Saina|1
1668284|li|Republiek China|1
1668284|hak|Thoi-van|1
1668284|mi|Taiwana|1
1668284|ss|IThayiwani|1
1668284|vec|Republica de Cina|1
1668284|tl|Heograpiya ng Taiwan|1
1668284|ace|Taywan|1
1668284|hsb|Chinska republika|1
1668284|frp|Republica de Ch*ina|1
1668284|tk|Taywan|1
1668284|rw|Tayiwani|1
1668284|hbs|Republika Kina|1
1668284|sw|Jamhuri ya China|1
1668284|nds|Republiek China|1
1668284|lv|Kinas Republika|1
1668284|als|Republik China|1
1668284|ext|Repubrica de China|1
1668284|crh|Cin Cumhuriyeti|1
1668284|gl|Illa de Taiwan|1
1668284|vep|Taivan|1
1668284|la|Formosa|1
1668284|br|Enez Taiwan|1
1668284|wo|Taaywaan|1
1668284|so|Taywan|1
1668284|pt|Ilha Formosa|1
1668284|it|Taiwan|1
1668284|kw|Taywan|1
1668284||Tai-oan|1
1668284|nl|Taiwan|1
1668284|fo|Taivan|1
1668284|ha|Jamhuriyar Sin|1
1668284|kaa|Tayvan|1
1668284|lb|Republik China|1
1668284|stq|Republik China|1
1668284|tet|Taiwan|1
1668284|uz|Tayvan|1
1668284|en|Taiwan ROC|1
1668284|da|Taiwan|1
1668284|fi|Taiwan|1
1668284|fy|Taiwan|1
1668284|gd|Taidh-Bhan|1
1668284|ia|Taiwan|1
1668284|ig|Taiwan|1
1668284|jv|Taiwan|1
1668284|lb|Taiwan|1
1668284|no|Taiwan|1
1668284|pl|Tajwan|1
1668284|qu|Taiwan|1
1668284|tr|Tayvan|1
1668284|wo|Taywan|1
5094864||Lake Winnipissiokee|1
5094864||Lake Winnepesaot|1
5094864||Winnopisseag|1
5094864||Lake Winnapresseakit|1
5094864||Lake Winipissioca|1
5094864||Lake Winnepesocket|1
5094864||Lake Winepisackey|1
5094864||Lake Winnepiseoke|1
5094864||Lake Winnipisioke|1
5094864||Lake Winneposockey|1
5094864||Lake Winnipissiackee|1
5094864||Winnipiseogee Lake|1
5094864||Lake Winipasekek|1
5094864||Lake Winnepisiokee|1
5094864||Lake Winepiscocheag|1
5094864||Lake Winipissioket|1
5094864||Winepesocky|1
5094864||Lake Winassoasawque|1
5094864||Lake Winnepissiokee|1
5094864||Lake Winnepisseokie|1
5094864||Lake Winnepisseogg|1
5094864||Winnipisokee Pond|1
5094864||Lake Winnepisseockegee|1
5094864||Lake Winnipeshokee|1
5094864||Lake Winnipisiocke|1
5094864||Lake Winnipiseogee|1
5094864||Lake Winnipisseoccee|1
5094864||Lake Winepossockey|1
5094864||Winipisoky|1
5094864||Lake Winnapissaacka|1
5094864||Lake Winnepesockee|1
5094864||Lake Winnepesiokee|1
5094864||Lake Winnipesocee|1
5094864||Lake Winipesocee|1
5094864||Winipissiokee Pond|1
5094864||Lake Nikisipique|1
5094864||Lake Winepessockey|1
5094864||Winnepissocay|1
5094864||Lake Winnepisseogee|1
5094864||Lake Winnipoisekek|1
5094864||Lake Winnepissioke|1
5094864||Winipesoakey|1
5094864||Lake Winipisiakit|1
5094864||Lake Winnepesauke|1
5094864||Lake Winipisokee|1
5094864||Lake Winipisioke|1
5094864||Lake Wenepesiokee|1
5094864||Lake Winnepiseogee|1
5094864||Lake Winnepossoke|1
5094864||Lake Winnopisseag|1
5094864||Winnipiseoca|1
5094864||Lake Winnispisiokee|1
5094864||Lake Winipisinket|1
5094864||Lake Winipissiokee|1
5094864||Lake Winneipessioke|1
5094864||Lake Wennepesiokee|1
5094864||Lake Winipiseogee|1
5094864||Lake Wenapesioche|1
5094864||Lake Winnipissacca|1
5094864||Lake Winnepissk|1
5094864||Lake Winnepisseoke|1
5094864||Lake Winnipisocy|1
5094864||Lake Winnepissiaukee|1
5094864||Winnepsackey|1
5094864||Wenepesioco|1
5094864||Lake Winnipistioky|1
5094864||Lake Winipissiockee|1
5094864||Lake Winnipishoky|1
5094864||Lake Wenepesocke|1
5094864||Winipiscoce|1
5094864||Lake Winnepossockey|1
5094864||Winepissiocke Pond|1
5094864||Lake Winnipissiocky|1
5094864||Lake Winepessiockee|1
5094864||Lake Winniposockett|1
5094864||Lake Winipisiokee|1
5094864||Lake Winnepisseohcee|1
5094864||Lake Winnipisokee|1
5094864||Lake Winepissiocke|1
5094864||Lake Winnipissiockee|1
5094864||Lake Winispisiokee|1
5094864||Lake Winnipesaukay|1
5094864||Lake Winipisaro|1
5094864||Winnepesacket|1
5094864||Lake Winnipesocket|1
5094864||Lake Winnepsackey|1
5094864||Lake Winnipesauke|1
5094864||Lake Winipiseocee|1
5094864||Lake Winnipesse|1
5094864||Winnipisiocke Pond|1
5094864||Winipasekek Lake|1
5094864||Lake Winipisiackit|1
5094864||Lake Winnepiseoky|1
5094864||Winnepishoky Pond|1
5094864||Lake Winepiseoka|1
5094864||Lake Winnepesaket|1
5094864||Lake Winipishokee|1
5094864||Lake Winnipisseoce|1
5094864||Lake Winnepiseokee|1
5094864||Lac Niquisipique|1
5094864||Lake Winnipissioke|1
5094864||Lake of Winnapusseakit|1
5094864||Winipesockee|1
5094864||Lake Winnipaseket|1
5094864||Lake Winnipissioca|1
5094864||Lake Winnipishiokee|1
5094864||Lake Winnipiseoce|1
5094864||Winaposawgue|1
5094864||Lake Winnepissaocoe|1
5094864||Winnipesiockett|1
5094864||Lake Winnepisioco|1
5094864||Winnepisiogee Lake|1
5094864||Lake Winnipissokee|1
5094864||Lake Winipoisekek|1
5094864||Winnapessocket|1
5094864||Lake Wenepesiocho|1
5094864||Winnipissocay|1
5094864||Lake Winipissikee|1
5094864||Winnepesocket|1
5094864||Lake Winisipisiokie|1
5094864||Lake Winepesocky|1
5094864||Lake Winnapusseakit|1
5094864||Lake Winepisseokie|1
5094864||Lake Winnepasioke|1
5094864||Lake Winnepesiaukee|1
5094864||Lake Winepisokey|1
5094864||Lake Winipesoakey|1
5094864||Winnipishoky Pond|1
5094864||Lake Winnipiseokee|1
5094864||Lake Winnipeseogee|1
5094864||Lake Winnipissiocki|1
5094864||Winnipeshoky|1
5094864||Lake Winnipisiokee|1
5094864||Lake Winnipishokey|1
5094864||Winnepisseoky Pond|1
5094864||Lake Winnipicioket|1
5094864||Lake Winnepissiacoe|1
5094864||Lake Winnipesokie|1
5094864||Lake Winnipiseoca|1
5094864||Lake Winnapuseakit|1
5094864||Lake Winnepesaukee|1
5094864||Lake Winniposiokee|1
5094864||Lake Winipisioky|1
5094864||Lake Winnepissocay|1
5094864||Lake Winnepescocco|1
5094864||Lake Winnepiseoge|1
5094864||Lake Winnepiscockee|1
5094864||Winnipissioke Pond|1
5094864||Lake Winnepishoky|1
5094864||Winnipesocket|1
5094864||Winnapusseakit|1
5094864||Lake Winnipissaoke|1
5094864||Lake Winnipissauky|1
5094864||Lake Winnespiseoky|1
5094864||Lake Winnipisseake|1
5094864||Lake Winnipeseoke|1
5094864||Wenepesiocho|1
5094864||Lake Wenepesioca|1
5094864||Lake Winipisiocke|1
5094864||Winnipaseket Lake|1
5094864||Lake Winnepeseochee|1
5094864||Lake Winipisseoca|1
5094864||Lake Wennepisseoka|1
5094864||Lake Winnapissiaukee|1
5094864|en|Lake Winnipesaukee|1
